date,type,time,title,note
2026-08-16,実績,午後,軽井沢へ車移動,移動途中に東名・環八付近のローソンで昼食を購入
2026-08-16,実績,17:30頃,軽井沢・プリンスショッピングプラザ到着,その後店名未確定のパン屋で軽食
2026-08-16,実績,夜,新軽井沢の花火大会を観覧,武舎煙火の社長と話した後にホテルのコテージへチェックイン
2026-08-17,実績,朝〜,朝食ブッフェと近隣で休養,息子の疲れを考慮しプリンスウエスト・アウトレット周辺で過ごす
2026-08-18,固定予定・制約,14時頃,父親のオンライン会議,安定した電波と車内または会議可能な場所が必要
2026-08-19,固定予定・制約,14時頃,祖父を軽井沢駅へ迎え,迎え後は風越公園へ移動
2026-08-19,固定予定・制約,15:00〜17:00,風越公園でテニス,固定予定
2026-08-20,固定予定・制約,終日,父親が会議,遠方移動不可。家族はホテル内またはアウトレット周辺で過ごす予定
2026-08-16〜2026-08-23,基本予定,毎朝,朝食ブッフェ,宿泊プランに含まれる朝食を利用予定
