旅行案,施設・大会,公式イベント名,開催日・時間,子どもが実際にすること,予約,定員・年齢制限,料金,駐車場,公式URL,最終確認日,確度
G,多摩六都科学館,夏企画展・お盆スペシャル科学体験候補,8/13〜15候補・時刻要再確認,科学体験コーナー・実験・プラネタリウム候補,過去調査では予約不要情報あり・要再確認,要再確認,要再確認,要再確認,https://www.tamarokuto.or.jp/,未実施,medium
G,多摩六都科学館,8/11参考プラネタリウム残席,11:40大型映像完売・13:00プラネ完売・14:20キッズ〇・15:30大型映像◎・16:50プラネ◎,当日券のみ・定員220人・早い回は完売注意,当日券のみ,要再確認,要再確認,駐車場満車情報あり,https://www.tamarokuto.or.jp/,2026-08-11,medium
G,JAXA 宇宙科学研究所 相模原キャンパス,実験棟ツアー・展示解説ツアー候補,8/12候補・12:30/13:00は要再確認,宇宙探査展示・はやぶさ2着陸体験・ロケット見学,過去調査では予約不要情報あり・要再確認,要再確認,無料情報は要再確認,要再確認,https://www.isas.jaxa.jp/visit/,未実施,medium
G,相模川ふれあい科学館,駐車場満車・河川敷案内注意,8/11午前に満車情報あり。お盆・大型連休は満車前提,高田橋下河川敷案内の場合は徒歩約13分,該当なし,該当なし,無料駐車場あり,第1/第2/第3駐車場・満車時河川敷案内,https://sagamigawa-fureai.com/access/,2026-08-11,high
G,相模川ふれあい科学館,解説イベント,毎日開催。10:30/11:30/13:30/14:00/14:30等,おさかなのごはんタイム・ふれあいワゴン・ミニトーク・ポイントガイド,要再確認,要再確認,要再確認,駐車場満車注意,https://sagamigawa-fureai.com/commentary/,2026-08-11,high
G,コニカミノルタ サイエンスドーム,プラネタリウム観覧・科学工作等イベント候補,8/14候補・時刻要再確認,科学展示・プラネタリウム・からだ測定会候補,当日先着・イベントは事前予約制あり得るため要再確認,定員218名（プラネタリウム）,観覧料・入館料あり,要再確認,https://www.city.hachioji.tokyo.jp/shisetsu/003/p030480.html,2026-08-11,medium
G,神奈川工科大学厚木市子ども科学館,プラネタリウム投影,8/12〜14の平日は11:00/13:30/15:00枠,投影はあるが今回の強い目的にはしにくい,事前予約不可・当日9時から券売機,各回定員90人,大人200円・子ども50円,公共施設・要確認,https://www.city.atsugi.kanagawa.jp/soshiki/seishonenka/kagakukan/planetarium/20129.html,2026-08-11,high
G,神奈川工科大学厚木市子ども科学館,行事予定カレンダー,2026年夏カレンダー公開あり,今回日程に強い特別イベントがなければ外す寄り,要再確認,要再確認,要再確認,要再確認,https://www.city.atsugi.kanagawa.jp/soshiki/seishonenka/kagakukan/yotei.html,2026-08-11,medium
A,入力待ち,未確認,未確認,未確認,未確認,未確認,未確認,未確認,未登録,未確認,todo
